User_ID,Lessons_Completed,Time_Spent_Per_Lesson,Quiz_Scores,Last_Activity,Dropped_Off
User_1,16,19,3,2/16/2024 7:41,0
User_2,23,39,98,9/5/2024 7:16,0
User_3,81,18,46,7/7/2024 10:00,1
User_4,67,27,19,8/10/2024 5:48,1
User_5,96,22,64,5/7/2024 9:17,1
User_6,50,22,47,5/11/2024 21:12,0
User_7,76,35,57,1/3/2024 10:38,0
User_8,7,60,73,9/8/2024 3:19,0
User_9,19,49,19,8/4/2024 11:53,1
User_10,24,36,7,4/9/2024 13:53,0
User_11,32,49,83,3/20/2024 8:51,0
User_12,75,55,92,1/10/2024 8:39,0
User_13,26,18,30,1/21/2024 0:18,1
User_14,49,39,42,7/25/2024 23:45,0
User_15,75,45,49,9/18/2024 12:14,1
User_16,78,47,100,7/13/2024 20:41,1
User_17,84,57,17,11/5/2023 22:31,0
User_18,15,17,17,12/15/2023 2:35,0
User_19,49,26,89,1/21/2024 3:33,0
User_20,21,35,62,11/16/2023 21:11,0
User_21,6,59,100,2/2/2024 4:04,1
User_22,50,35,84,5/4/2024 16:44,1
User_23,95,58,1,3/5/2024 5:14,0
User_24,23,54,64,11/12/2023 6:18,1
User_25,96,40,34,8/25/2024 3:36,0
User_26,89,6,49,10/20/2023 15:06,0
User_27,95,23,19,3/18/2024 18:41,1
User_28,15,18,16,11/13/2023 4:21,1
User_29,87,50,96,2/17/2024 6:40,0
User_30,58,27,92,3/6/2024 11:29,0
User_31,17,21,2,6/8/2024 22:28,0
User_32,63,46,45,5/21/2024 11:35,1
User_33,53,11,3,12/31/2023 18:26,1
User_34,88,56,7,10/20/2023 9:01,0
User_35,82,44,1,6/25/2024 10:05,1
User_36,81,8,17,4/11/2024 4:01,0
User_37,90,52,42,6/21/2024 17:08,1
User_38,86,21,37,8/20/2024 14:18,0
User_39,68,24,18,12/25/2023 6:43,1
User_40,16,48,26,11/10/2023 22:17,0
User_41,89,27,88,3/22/2024 12:07,1
User_42,70,38,51,4/27/2024 7:41,0
User_43,7,37,36,10/3/2024 8:54,1
User_44,2,29,67,1/5/2024 17:09,0
User_45,6,38,28,12/4/2023 23:59,1
User_46,24,33,69,12/11/2023 21:36,0
User_47,65,23,27,5/5/2024 5:04,1
User_48,97,41,70,10/7/2023 1:48,1
User_49,69,49,56,8/10/2024 0:24,0
User_50,65,56,15,10/24/2023 3:31,1
User_51,94,56,1,5/7/2024 17:26,0
User_52,64,39,59,8/27/2024 6:10,0
User_53,63,41,50,10/25/2023 11:23,0
User_54,51,20,49,1/21/2024 18:43,1
User_55,93,60,24,10/3/2024 2:22,0
User_56,2,38,34,5/17/2024 20:29,0
User_57,53,28,43,2/18/2024 19:58,1
User_58,86,13,36,9/17/2024 4:29,0
User_59,40,44,71,10/11/2023 21:33,0
User_60,75,6,3,10/27/2023 22:13,0
User_61,94,24,57,5/24/2024 21:39,1
User_62,46,38,5,7/6/2024 12:08,1
User_63,74,17,30,10/17/2023 11:50,1
User_64,74,35,83,12/4/2023 8:58,1
User_65,64,22,64,11/12/2023 23:21,1
User_66,55,10,87,6/4/2024 7:18,0
User_67,27,6,37,12/20/2023 14:44,1
User_68,34,19,46,5/30/2024 8:00,1
User_69,66,57,97,3/10/2024 1:26,1
User_70,22,32,72,7/25/2024 2:50,1
User_71,100,10,11,11/2/2023 7:47,0
User_72,16,39,38,10/22/2023 13:09,1
User_73,28,17,77,6/19/2024 0:58,0
User_74,96,20,3,7/5/2024 9:55,1
User_75,76,56,52,5/14/2024 13:31,1
User_76,43,56,35,4/7/2024 20:42,1
User_77,11,13,47,2/25/2024 0:58,0
User_78,73,58,68,7/26/2024 10:16,0
User_79,45,31,14,1/22/2024 15:59,0
User_80,32,34,38,10/4/2024 0:41,0
User_81,13,39,54,8/14/2024 6:46,1
User_82,20,23,53,4/13/2024 12:33,0
User_83,75,43,63,8/14/2024 11:13,0
User_84,1,5,88,6/13/2024 21:12,1
User_85,53,41,94,11/11/2023 13:04,1
User_86,55,52,36,1/14/2024 13:49,0
User_87,56,25,58,2/3/2024 0:56,0
User_88,67,60,15,11/25/2023 4:48,1
User_89,82,50,67,11/24/2023 18:04,0
User_90,10,17,20,3/6/2024 13:43,1
User_91,87,55,94,2/7/2024 9:16,0
User_92,9,46,96,1/21/2024 21:01,1
User_93,9,42,77,8/4/2024 10:15,1
User_94,48,59,25,4/21/2024 5:38,1
User_95,12,6,21,2/12/2024 6:29,0
User_96,19,9,91,7/7/2024 22:50,0
User_97,4,59,83,9/11/2024 2:32,0
User_98,70,26,53,3/14/2024 22:28,1
User_99,2,50,12,2/26/2024 3:12,1
User_100,36,14,12,12/24/2023 14:02,0
User_101,49,12.3,39,05/11/2024 12:51,0
User_102,27,8.1,97,01/19/2023 10:29,0
User_103,16,51.1,24,07/16/2024 10:08,1
User_104,59,59.8,74,08/22/2024 19:45,0
User_105,32,9.1,14,03/12/2023 22:31,0
User_106,87,6.0,73,01/13/2023 23:54,0
User_107,75,44.1,85,12/09/2024 13:39,0
User_108,45,51.0,6,08/29/2024 16:54,0
User_109,21,59.4,52,09/09/2023 12:18,0
User_110,47,28.1,19,01/01/2024 02:56,0
User_111,25,39.1,81,12/19/2023 21:51,0
User_112,14,40.7,41,03/09/2024 00:57,1
User_113,14,7.6,31,07/05/2024 00:18,0
User_114,60,27.0,31,02/02/2024 19:55,0
User_115,77,40.5,79,07/26/2024 00:33,0
User_116,10,55.2,14,10/06/2023 13:09,1
User_117,96,58.9,94,01/31/2023 18:38,0
User_118,48,9.8,86,08/14/2024 03:32,0
User_119,87,44.8,50,11/11/2024 19:58,0
User_120,36,9.4,37,10/24/2024 20:51,0
User_121,20,12.7,66,03/30/2024 09:46,0
User_122,46,43.3,11,12/01/2024 11:32,0
User_123,43,58.7,88,08/04/2023 06:41,0
User_124,40,27.5,45,07/16/2023 02:04,0
User_125,79,54.1,43,10/24/2024 03:24,0
User_126,31,37.0,33,04/15/2024 14:39,0
User_127,23,12.3,17,02/02/2024 04:57,0
User_128,95,29.2,30,11/09/2023 08:13,0
User_129,59,20.8,30,10/07/2023 02:34,0
User_130,95,21.9,8,11/28/2023 03:11,0
User_131,11,48.5,57,01/01/2024 04:08,0
User_132,92,6.0,89,03/16/2023 17:29,0
User_133,65,49.6,64,04/12/2023 13:25,0
User_134,32,6.7,32,01/23/2023 01:27,0
User_135,30,58.2,42,03/09/2024 23:28,0
User_136,91,16.5,69,08/28/2023 16:02,0
User_137,50,34.8,97,02/17/2023 07:51,0
User_138,45,6.8,28,09/08/2024 05:44,0
User_139,96,25.0,91,03/04/2023 17:44,0
User_140,37,18.9,13,11/07/2024 20:10,0
User_141,65,36.7,24,03/20/2023 11:03,0
User_142,25,35.7,64,01/04/2023 06:35,0
User_143,70,39.9,33,01/15/2023 14:47,0
User_144,52,47.6,48,02/23/2024 12:39,0
User_145,45,14.9,9,08/14/2023 20:57,0
User_146,74,49.0,62,10/09/2024 01:26,0
User_147,15,24.9,98,04/15/2023 08:13,0
User_148,93,25.2,51,04/13/2023 04:14,0
User_149,12,11.0,70,03/21/2023 15:24,0
User_150,31,50.6,13,02/02/2023 01:19,0
User_151,66,46.1,21,01/23/2023 13:23,0
User_152,19,14.4,67,02/06/2024 20:20,0
User_153,99,57.2,54,03/25/2023 23:59,0
User_154,19,52.0,66,08/22/2024 23:03,0
User_155,45,6.7,14,04/03/2024 01:33,0
User_156,24,5.6,74,12/09/2024 15:03,0
User_157,58,49.7,41,11/09/2024 13:39,0
User_158,60,23.5,73,01/17/2023 11:55,0
User_159,50,11.0,55,05/28/2023 16:34,0
User_160,79,48.8,20,08/15/2023 02:16,0
User_161,68,5.4,88,05/13/2023 13:56,0
User_162,81,12.5,11,06/04/2023 18:59,0
User_163,85,35.1,93,05/05/2024 08:50,0
User_164,22,47.8,1,03/01/2024 16:33,1
User_165,31,58.7,67,10/15/2024 21:15,0
User_166,96,13.8,18,03/07/2024 09:08,0
User_167,25,19.3,83,07/08/2024 04:24,0
User_168,93,59.4,71,01/18/2023 13:46,0
User_169,54,33.4,28,07/27/2024 18:45,0
User_170,79,31.6,82,12/12/2023 17:35,0
User_171,94,13.4,68,08/11/2024 10:00,0
User_172,97,52.3,22,05/04/2023 13:53,0
User_173,19,48.8,52,02/25/2024 12:53,0
User_174,47,8.7,73,04/08/2023 12:38,0
User_175,90,55.3,40,03/30/2023 19:24,0
User_176,52,32.2,87,01/01/2024 21:38,0
User_177,93,42.5,59,06/03/2023 20:12,0
User_178,25,8.8,35,07/27/2023 13:37,0
User_179,92,8.4,82,12/25/2024 08:33,0
User_180,84,8.0,75,07/17/2024 03:47,0
User_181,38,50.1,46,09/09/2023 06:23,0
User_182,31,35.9,45,09/05/2024 20:49,0
User_183,27,39.7,75,04/03/2024 15:28,0
User_184,30,51.6,75,07/04/2023 07:22,0
User_185,54,41.0,14,03/18/2023 16:04,0
User_186,10,43.9,34,08/21/2023 12:43,1
User_187,70,38.9,33,03/20/2024 06:24,0
User_188,59,43.7,67,11/19/2023 06:41,0
User_189,66,44.5,38,04/04/2024 14:49,0
User_190,79,44.1,28,06/09/2023 00:36,0
User_191,38,37.1,48,08/13/2024 04:28,0
User_192,37,23.7,14,06/21/2023 01:10,0
User_193,92,30.7,81,10/10/2023 20:46,0
User_194,87,31.2,30,10/01/2023 18:17,0
User_195,20,31.9,72,04/03/2023 15:52,0
User_196,61,35.4,47,12/30/2024 07:11,0
User_197,18,5.2,33,12/17/2023 06:10,0
User_198,76,55.9,67,12/28/2023 07:18,0
User_199,49,24.0,66,06/08/2024 18:10,0
User_200,20,25.5,73,04/05/2023 03:00,0
User_201,43,13.0,52,10/18/2023 01:29,0
User_202,58,31.1,41,09/11/2024 14:19,0
User_203,84,20.1,51,12/03/2023 07:05,0
User_204,37,58.2,16,06/16/2024 02:44,0
User_205,75,22.2,13,02/07/2024 05:00,0
User_206,75,29.5,64,02/13/2024 13:52,0
User_207,69,31.0,35,10/28/2024 10:22,0
User_208,6,56.6,18,04/18/2023 00:21,1
User_209,12,54.7,27,07/26/2024 01:48,1
User_210,85,30.5,94,10/18/2023 06:16,0
User_211,89,21.3,20,09/20/2024 08:26,0
User_212,36,54.1,96,08/27/2024 21:35,0
User_213,14,55.9,10,08/25/2024 11:53,1
User_214,23,28.1,42,11/08/2024 13:16,0
User_215,29,40.9,74,11/23/2024 15:18,0
User_216,71,43.0,22,08/01/2024 21:37,0
User_217,35,59.2,55,02/14/2023 07:13,0
User_218,65,35.4,70,12/04/2024 15:39,0
User_219,28,14.5,69,08/19/2023 08:26,0
User_220,1,52.5,19,06/22/2023 09:52,1
User_221,54,5.4,93,12/27/2024 14:23,0
User_222,18,15.2,52,12/09/2023 23:47,0
User_223,11,56.8,45,02/23/2024 04:12,1
User_224,94,27.5,20,10/28/2023 03:47,0
User_225,18,51.5,72,07/02/2023 20:19,0
User_226,82,12.6,40,12/24/2024 16:40,0
User_227,32,31.7,9,01/20/2023 03:20,0
User_228,32,42.2,46,04/27/2023 16:04,0
User_229,66,16.8,18,06/30/2023 17:12,0
User_230,75,48.2,88,02/25/2024 18:56,0
User_231,68,28.2,95,04/06/2024 14:26,0
User_232,100,16.5,15,11/15/2024 08:08,0
User_233,90,20.2,91,07/12/2023 22:59,0
User_234,50,17.4,10,11/05/2023 21:13,0
User_235,15,18.0,52,04/10/2023 08:38,0
User_236,50,37.3,4,10/01/2023 01:13,0
User_237,6,40.0,7,09/04/2023 11:38,0
User_238,99,15.0,38,04/18/2023 13:53,0
User_239,14,38.5,97,04/18/2023 16:16,0
User_240,84,30.8,5,08/26/2024 18:26,0
User_241,61,35.1,21,06/17/2024 11:42,0
User_242,69,16.7,58,01/31/2024 11:26,0
User_243,82,17.4,14,12/03/2024 20:55,0
User_244,35,37.9,96,08/11/2024 04:16,0
User_245,43,21.4,38,11/24/2024 11:25,0
User_246,82,11.1,76,02/03/2024 02:54,0
User_247,46,35.7,55,08/23/2023 01:25,0
User_248,76,38.2,16,04/20/2023 09:07,0
User_249,37,30.2,62,04/15/2024 11:47,0
User_250,82,36.9,2,02/22/2024 06:44,0
User_251,72,29.2,56,12/10/2024 04:00,0
User_252,6,20.1,34,02/24/2024 17:47,0
User_253,71,44.6,67,06/18/2023 07:37,0
User_254,22,27.1,67,02/10/2023 21:06,0
User_255,44,21.3,52,08/30/2023 04:06,0
User_256,44,24.0,88,08/27/2024 02:11,0
User_257,54,12.0,86,03/19/2023 20:13,0
User_258,4,53.7,82,08/05/2023 02:35,0
User_259,96,36.3,100,11/18/2023 06:36,0
User_260,4,59.5,50,05/19/2024 19:18,0
User_261,72,25.9,24,11/02/2024 07:39,0
User_262,65,37.8,65,05/19/2024 09:56,0
User_263,40,43.4,28,02/24/2023 15:51,0
User_264,63,10.8,8,11/23/2023 16:37,0
User_265,32,37.2,90,07/12/2023 12:18,0
User_266,53,46.3,16,03/28/2023 06:16,0
User_267,94,6.8,95,06/03/2023 02:11,0
User_268,66,30.5,35,03/14/2024 16:13,0
User_269,2,42.2,95,05/29/2024 15:14,0
User_270,49,18.2,85,11/19/2023 04:25,0
User_271,17,8.6,83,04/26/2024 08:39,0
User_272,45,7.9,45,12/18/2024 08:49,0
User_273,10,6.0,50,05/03/2023 10:54,0
User_274,87,49.2,83,04/14/2024 12:41,0
User_275,78,54.8,85,07/07/2023 06:08,0
User_276,79,54.5,1,01/20/2023 08:19,0
User_277,40,52.0,83,01/07/2023 00:10,0
User_278,88,45.6,86,12/20/2023 19:29,0
User_279,99,19.4,81,07/16/2023 12:13,0
User_280,69,38.2,30,03/10/2023 02:44,0
User_281,52,30.0,82,11/30/2023 11:27,0
User_282,94,24.4,80,06/03/2023 04:56,0
User_283,53,8.3,64,06/06/2023 22:27,0
User_284,27,60.0,41,01/29/2023 14:58,1
User_285,34,52.9,86,04/19/2024 04:58,0
User_286,3,51.9,73,01/21/2024 20:32,0
User_287,3,8.4,50,08/05/2024 22:23,0
User_288,96,50.3,92,04/26/2024 01:17,0
User_289,41,6.3,20,02/10/2023 22:30,0
User_290,11,34.3,9,07/20/2023 16:48,0
User_291,23,18.8,62,10/26/2024 08:19,0
User_292,36,17.9,44,06/24/2023 22:21,0
User_293,33,21.7,87,12/05/2023 15:17,0
User_294,62,27.0,17,02/13/2024 12:53,0
User_295,89,56.4,71,06/15/2024 01:12,0
User_296,10,17.8,10,01/19/2023 12:00,0
User_297,8,32.8,59,01/16/2023 23:28,0
User_298,10,42.4,18,02/21/2024 01:01,1
User_299,31,31.1,59,05/09/2024 22:50,0
User_300,89,55.2,57,03/17/2024 08:46,0
User_301,93,39.5,97,08/07/2024 00:48,0
User_302,49,13.3,45,12/01/2023 13:14,0
User_303,95,59.7,42,07/09/2023 16:55,0
User_304,68,19.3,68,01/04/2024 05:30,0
User_305,41,25.2,92,07/31/2024 20:58,0
User_306,48,34.0,75,12/22/2024 21:10,0
User_307,13,19.1,89,05/23/2024 18:25,0
User_308,28,26.8,98,08/20/2024 03:35,0
User_309,19,19.4,93,05/07/2023 17:46,0
User_310,47,26.0,58,02/21/2023 04:35,0
User_311,77,51.4,65,01/07/2024 10:22,0
User_312,24,13.2,93,04/24/2024 21:28,0
User_313,81,54.0,100,10/17/2024 04:49,0
User_314,69,24.1,96,08/24/2023 10:47,0
User_315,74,9.4,45,01/15/2024 04:26,0
User_316,84,19.7,2,05/31/2024 01:43,0
User_317,33,46.9,19,02/17/2024 13:12,0
User_318,58,56.3,100,07/26/2024 16:55,0
User_319,97,22.6,57,02/14/2024 21:20,0
User_320,85,14.4,54,01/26/2024 23:59,0
User_321,25,58.1,49,11/16/2024 21:33,1
User_322,9,59.5,13,03/17/2024 13:32,1
User_323,75,37.9,32,10/09/2023 17:54,0
User_324,43,38.5,37,10/23/2023 22:19,0
User_325,88,26.2,31,11/11/2023 02:26,0
User_326,26,26.7,43,04/22/2023 13:48,0
User_327,49,12.5,16,04/22/2023 07:05,0
User_328,33,58.4,27,04/17/2024 06:20,0
User_329,13,43.2,90,08/15/2024 12:08,0
User_330,31,19.2,9,02/08/2023 23:15,0
User_331,67,40.3,44,09/02/2023 10:24,0
User_332,8,30.2,96,03/22/2024 06:15,0
User_333,42,32.2,15,07/05/2023 18:11,0
User_334,77,15.3,25,09/17/2023 09:23,0
User_335,99,32.4,90,01/12/2023 15:18,0
User_336,77,24.7,53,10/06/2024 17:17,0
User_337,33,13.3,15,10/19/2024 01:16,0
User_338,19,5.4,26,08/07/2023 20:15,0
User_339,25,42.4,31,01/13/2024 19:52,1
User_340,56,10.1,47,03/13/2024 23:55,0
User_341,4,57.6,15,04/21/2023 03:53,1
User_342,70,43.3,62,03/30/2024 19:03,0
User_343,90,51.8,17,06/01/2023 12:19,0
User_344,84,30.1,75,11/08/2023 18:12,0
User_345,41,37.5,46,02/23/2023 00:37,0
User_346,3,23.4,93,04/08/2024 23:00,0
User_347,76,21.8,93,03/21/2024 07:37,0
User_348,1,14.9,27,03/29/2024 05:55,0
User_349,61,31.3,31,01/03/2024 15:11,0
User_350,9,46.7,21,03/20/2024 13:11,1
User_351,3,7.8,24,01/26/2024 08:35,0
User_352,28,16.0,12,05/08/2023 03:42,0
User_353,97,55.0,88,02/10/2024 04:30,0
User_354,68,8.7,81,06/01/2024 07:49,0
User_355,34,50.3,62,04/27/2024 12:03,0
User_356,7,14.3,83,05/06/2024 16:04,0
User_357,74,53.0,8,05/24/2023 18:44,0
User_358,22,34.3,74,08/21/2023 16:03,0
User_359,99,21.9,87,02/12/2024 00:21,0
User_360,84,20.8,52,11/28/2023 15:20,0
User_361,6,45.9,46,04/07/2024 23:58,1
User_362,96,15.9,35,03/05/2024 03:22,0
User_363,63,55.8,43,11/29/2024 02:40,0
User_364,17,8.5,55,12/09/2024 06:30,0
User_365,3,14.9,77,12/16/2023 05:40,0
User_366,88,46.3,26,01/17/2024 05:18,0
User_367,97,18.9,50,03/31/2024 09:41,0
User_368,48,49.9,44,11/16/2023 11:52,0
User_369,87,40.7,71,11/12/2024 02:30,0
User_370,73,58.0,55,11/26/2024 02:10,0
User_371,52,45.0,25,07/06/2023 01:48,0
User_372,26,36.6,46,06/14/2024 16:59,0
User_373,64,8.4,7,08/10/2024 17:52,0
User_374,87,26.2,57,01/28/2024 21:38,0
User_375,3,27.7,93,02/17/2023 03:11,0
User_376,25,27.1,61,07/18/2024 14:42,0
User_377,5,47.3,23,04/25/2023 17:45,1
User_378,50,49.7,84,01/13/2024 22:23,0
User_379,60,13.8,63,11/19/2024 23:23,0
User_380,6,53.0,95,11/08/2024 04:53,0
User_381,33,54.0,55,11/13/2023 01:00,0
User_382,2,22.2,32,12/13/2023 18:46,0
User_383,11,9.4,30,11/29/2024 04:12,0
User_384,58,14.7,53,03/15/2024 08:53,0
User_385,35,45.4,74,07/27/2024 13:32,0
User_386,80,55.5,2,10/13/2023 01:09,0
User_387,82,28.2,14,01/06/2023 13:02,0
User_388,8,46.4,1,10/07/2024 22:33,1
User_389,47,35.2,10,04/07/2024 10:16,0
User_390,32,53.6,73,12/06/2023 08:10,0
User_391,10,5.4,6,09/29/2023 09:47,0
User_392,92,15.0,91,10/07/2024 03:18,0
User_393,28,38.7,18,10/20/2023 14:44,0
User_394,26,52.7,79,12/02/2023 00:01,0
User_395,40,47.2,89,04/22/2023 00:35,0
User_396,19,10.3,58,07/01/2024 23:48,0
User_397,70,25.9,47,08/11/2024 18:49,0
User_398,84,11.2,68,06/02/2023 03:23,0
User_399,57,57.8,49,02/15/2024 10:17,0
User_400,38,34.6,12,07/16/2024 01:25,0
User_401,44,24.5,34,08/09/2023 04:14,0
User_402,67,53.5,37,04/25/2023 05:34,0
User_403,11,21.6,26,12/13/2023 00:18,0
User_404,1,24.9,58,04/01/2024 11:40,0
User_405,11,35.3,65,01/13/2023 15:57,0
User_406,89,45.7,58,08/29/2024 03:19,0
User_407,34,23.6,9,12/25/2023 07:57,0
User_408,18,49.4,78,10/25/2024 01:15,0
User_409,44,11.8,34,05/21/2024 12:41,0
User_410,3,9.0,94,05/04/2023 18:37,0
User_411,53,36.8,8,07/08/2023 22:29,0
User_412,15,27.0,35,06/04/2023 14:52,0
User_413,85,29.3,40,03/10/2023 13:13,0
User_414,48,40.1,77,09/19/2024 08:20,0
User_415,14,39.3,75,09/20/2024 09:50,0
User_416,13,12.7,54,05/17/2023 23:47,0
User_417,20,39.8,63,08/18/2023 12:28,0
User_418,29,54.1,83,07/23/2023 15:09,0
User_419,76,22.3,92,10/06/2023 19:36,0
User_420,26,55.5,46,05/27/2024 20:39,1
User_421,23,46.4,53,11/17/2023 11:19,0
User_422,51,18.1,58,07/26/2024 06:23,0
User_423,66,15.4,59,09/10/2024 09:07,0
User_424,87,24.5,94,11/25/2024 09:48,0
User_425,30,35.0,88,04/19/2023 17:10,0
User_426,29,12.7,47,06/18/2024 01:54,0
User_427,56,50.5,67,01/04/2024 12:01,0
User_428,41,7.7,60,10/11/2023 07:28,0
User_429,49,18.8,71,11/11/2023 21:58,0
User_430,12,55.3,38,10/08/2023 12:01,1
User_431,31,43.0,78,12/18/2024 15:23,0
User_432,77,56.3,54,11/26/2023 10:35,0
User_433,16,52.8,6,05/01/2024 15:34,1
User_434,94,17.4,57,09/04/2023 06:32,0
User_435,17,5.3,76,03/08/2023 21:39,0
User_436,85,27.0,99,04/18/2024 05:35,0
User_437,52,53.2,23,04/24/2023 01:45,0
User_438,5,37.4,5,01/11/2023 13:45,0
User_439,93,7.9,58,05/22/2024 10:20,0
User_440,49,11.8,10,12/04/2023 01:27,0
User_441,79,37.4,43,12/01/2023 15:55,0
User_442,52,39.8,56,09/03/2024 12:55,0
User_443,33,49.5,37,11/26/2023 03:37,0
User_444,73,49.6,23,04/14/2023 12:02,0
User_445,88,12.5,90,09/03/2024 03:27,0
User_446,32,54.0,40,12/08/2024 19:37,0
User_447,37,31.9,57,08/08/2023 18:07,0
User_448,16,5.9,55,11/02/2023 19:53,0
User_449,29,25.0,97,10/10/2023 18:11,0
User_450,37,11.2,91,03/17/2024 03:57,0
User_451,96,48.0,1,04/04/2023 18:36,0
User_452,45,50.7,48,06/07/2024 03:54,0
User_453,78,54.8,14,07/20/2023 03:24,0
User_454,89,56.9,25,02/22/2024 10:56,0
User_455,39,40.2,100,08/18/2023 17:57,0
User_456,99,12.1,32,01/03/2023 05:48,0
User_457,68,23.7,13,04/04/2023 15:01,0
User_458,34,38.0,54,10/19/2024 08:52,0
User_459,8,53.7,66,12/14/2023 05:22,0
User_460,80,43.9,45,03/11/2023 03:30,0
User_461,27,44.9,74,06/03/2023 22:32,0
User_462,17,49.1,72,04/23/2024 13:13,0
User_463,4,7.0,7,05/12/2023 20:45,0
User_464,8,24.2,66,04/10/2023 08:08,0
User_465,14,30.9,38,04/17/2024 22:53,0
User_466,96,38.8,86,06/26/2023 18:24,0
User_467,59,54.4,62,05/27/2023 06:30,0
User_468,14,54.1,78,09/08/2023 04:24,0
User_469,9,26.2,45,05/29/2023 11:17,0
User_470,68,43.3,34,10/02/2024 03:43,0
User_471,31,20.5,82,04/19/2024 07:47,0
User_472,85,27.0,71,10/21/2023 11:22,0
User_473,69,46.4,68,04/06/2024 14:19,0
User_474,87,47.5,46,11/18/2023 06:55,0
User_475,48,33.2,79,04/24/2024 07:51,0
User_476,92,19.1,92,03/29/2023 12:15,0
User_477,32,41.3,18,11/28/2023 17:39,0
User_478,89,10.4,82,03/20/2024 00:03,0
User_479,45,40.4,10,06/12/2023 22:22,0
User_480,82,43.2,91,11/02/2024 23:50,0
User_481,56,40.1,6,11/12/2023 11:23,0
User_482,1,20.1,71,05/04/2024 12:56,0
User_483,85,19.2,6,06/13/2024 19:11,0
User_484,82,41.1,24,02/23/2023 06:43,0
User_485,100,59.2,78,10/07/2023 15:32,0
User_486,26,53.9,31,04/04/2023 11:08,1
User_487,51,42.0,67,08/04/2024 20:53,0
User_488,12,17.5,25,08/28/2024 08:55,0
User_489,39,22.5,84,09/25/2023 12:03,0
User_490,80,12.5,53,04/03/2024 04:40,0
User_491,54,53.6,23,12/22/2024 07:39,0
User_492,79,26.9,60,03/27/2024 12:45,0
User_493,47,14.4,36,02/15/2023 23:46,0
User_494,19,37.1,46,09/17/2024 04:31,0
User_495,29,51.6,57,01/09/2024 00:58,0
User_496,41,41.2,83,04/20/2024 03:05,0
User_497,99,59.3,65,10/05/2023 08:53,0
User_498,91,46.6,96,11/15/2023 13:36,0
User_499,57,12.2,7,01/11/2023 09:47,0
User_500,17,14.5,94,05/21/2023 04:13,0
User_501,71,45.6,37,06/15/2024 10:30,0
User_502,98,6.8,62,08/26/2023 13:48,0
User_503,26,39.4,12,07/24/2024 13:35,0
User_504,53,44.8,91,10/13/2023 17:36,0
User_505,67,29.4,60,01/14/2024 00:57,0
User_506,61,52.6,73,12/19/2023 20:42,0
User_507,96,44.7,7,09/19/2024 22:30,0
User_508,46,41.9,10,07/31/2024 13:11,0
User_509,100,13.4,80,08/13/2023 15:19,0
User_510,76,23.9,6,08/21/2023 19:10,0
User_511,10,35.1,63,01/28/2023 03:22,0
User_512,61,16.4,29,05/07/2023 16:15,0
User_513,24,28.7,51,01/08/2023 08:39,0
User_514,78,57.5,97,06/15/2023 07:06,0
User_515,46,38.5,98,02/13/2023 20:37,0
User_516,40,44.7,59,01/09/2023 01:11,0
User_517,31,28.4,95,02/20/2023 12:59,0
User_518,5,27.5,95,05/10/2023 09:45,0
User_519,54,13.4,69,08/13/2024 16:24,0
User_520,5,21.6,45,11/18/2023 00:01,0
User_521,84,57.7,84,04/06/2024 12:27,0
User_522,97,17.8,92,11/22/2024 02:48,0
User_523,6,53.7,79,02/16/2023 11:41,0
User_524,87,33.7,3,02/13/2023 19:05,0
User_525,88,43.4,86,07/04/2024 03:51,0
User_526,78,11.9,79,02/17/2024 00:58,0
User_527,18,53.2,38,12/17/2023 05:05,1
User_528,24,31.1,36,05/18/2023 03:50,0
User_529,7,28.3,99,09/22/2024 04:04,0
User_530,16,45.4,59,04/13/2024 13:28,0
User_531,53,20.9,71,08/05/2024 09:25,0
User_532,45,13.1,6,05/03/2024 03:12,0
User_533,25,34.0,97,11/03/2024 08:14,0
User_534,56,24.7,45,01/20/2024 01:20,0
User_535,87,7.0,58,02/15/2024 18:39,0
User_536,26,41.5,35,03/18/2024 16:38,1
User_537,6,39.7,2,08/25/2023 10:33,0
User_538,93,35.0,11,07/11/2023 15:35,0
User_539,13,45.3,86,01/12/2024 00:27,0
User_540,65,40.7,25,10/08/2024 22:21,0
User_541,58,38.6,31,07/13/2024 04:22,0
User_542,70,31.1,100,03/18/2024 07:55,0
User_543,88,19.7,70,12/09/2024 21:01,0
User_544,19,27.1,66,09/01/2024 07:35,0
User_545,27,58.7,83,11/23/2024 22:53,0
User_546,21,35.5,39,03/03/2023 15:43,0
User_547,11,37.5,11,09/11/2024 20:02,0
User_548,39,23.8,33,01/26/2023 09:05,0
User_549,7,16.4,68,05/20/2023 12:09,0
User_550,15,47.2,97,01/15/2023 19:47,0
User_551,38,10.2,83,07/05/2023 06:34,0
User_552,71,26.2,36,09/20/2024 19:52,0
User_553,79,6.8,24,12/13/2024 01:42,0
User_554,32,28.7,19,02/16/2023 14:55,0
User_555,97,20.0,17,05/03/2024 05:36,0
User_556,35,6.9,48,01/12/2024 05:08,0
User_557,98,13.6,88,06/20/2024 08:31,0
User_558,90,40.1,23,07/21/2024 18:36,0
User_559,70,46.1,69,02/09/2023 16:32,0
User_560,90,50.2,19,07/21/2024 04:09,0
User_561,79,23.4,8,08/03/2023 09:40,0
User_562,15,37.5,71,06/30/2023 18:30,0
User_563,6,27.1,59,06/08/2024 00:05,0
User_564,6,33.2,80,04/10/2023 11:51,0
User_565,33,20.1,8,08/19/2024 18:39,0
User_566,74,48.0,85,02/04/2024 02:29,0
User_567,8,29.2,99,07/01/2023 21:31,0
User_568,74,26.4,51,10/03/2023 01:39,0
User_569,47,17.3,9,09/21/2023 03:42,0
User_570,65,57.5,76,12/17/2024 16:12,0
User_571,97,13.6,95,05/05/2024 14:40,0
User_572,17,45.5,80,07/02/2024 15:29,0
User_573,19,55.5,7,01/22/2023 10:15,1
User_574,81,46.1,68,07/27/2024 15:29,0
User_575,87,59.0,74,04/09/2023 06:27,0
User_576,87,30.8,92,11/21/2024 19:48,0
User_577,15,6.7,59,11/11/2023 04:09,0
User_578,52,50.0,29,05/10/2024 05:10,0
User_579,54,46.0,74,02/11/2023 21:43,0
User_580,91,16.1,39,06/18/2023 13:32,0
User_581,60,19.8,50,12/05/2024 11:39,0
User_582,1,31.1,91,08/28/2024 20:51,0
User_583,79,44.9,96,08/12/2024 23:07,0
User_584,58,8.2,72,11/15/2024 15:18,0
User_585,6,11.5,71,09/05/2023 11:53,0
User_586,4,55.2,30,10/28/2024 18:25,1
User_587,6,50.4,51,12/28/2024 22:51,0
User_588,49,31.7,88,12/29/2023 05:52,0
User_589,42,38.4,92,11/24/2024 14:20,0
User_590,70,27.8,84,06/15/2023 21:15,0
User_591,2,14.2,100,10/20/2024 17:41,0
User_592,84,23.1,95,08/03/2023 16:28,0
User_593,72,43.0,57,05/22/2023 08:24,0
User_594,37,18.5,69,09/08/2023 22:48,0
User_595,98,50.3,54,02/14/2024 10:16,0
User_596,31,25.1,85,02/03/2024 04:42,0
User_597,89,44.4,53,01/22/2024 21:52,0
User_598,94,19.8,28,05/26/2023 16:26,0
User_599,1,43.1,94,09/13/2024 21:58,0
User_600,53,10.5,62,08/12/2023 23:56,0
User_601,14,52.9,64,01/12/2024 09:42,0
User_602,44,46.0,88,04/25/2023 00:09,0
User_603,6,18.8,14,02/25/2023 00:40,0
User_604,72,5.4,91,11/11/2023 23:52,0
User_605,30,35.4,23,09/01/2023 22:52,0
User_606,36,18.4,76,07/22/2024 17:27,0
User_607,28,26.8,29,06/27/2024 08:41,0
User_608,72,54.3,1,11/05/2023 15:17,0
User_609,73,59.4,82,06/24/2023 01:38,0
User_610,50,21.1,6,02/16/2023 13:01,0
User_611,8,21.2,54,02/22/2024 09:19,0
User_612,58,17.2,81,03/14/2023 21:46,0
User_613,100,18.3,51,04/05/2023 19:40,0
User_614,32,15.1,74,06/20/2024 12:38,0
User_615,13,9.5,28,12/06/2023 10:20,0
User_616,80,39.0,95,01/20/2023 04:06,0
User_617,13,6.0,13,02/02/2024 12:42,0
User_618,94,37.7,58,04/18/2023 02:09,0
User_619,4,20.6,96,11/10/2024 11:46,0
User_620,32,40.9,29,09/13/2024 03:45,0
User_621,69,40.2,63,05/16/2024 08:52,0
User_622,10,25.1,26,03/20/2023 13:32,0
User_623,88,36.3,76,10/12/2024 21:03,0
User_624,55,17.8,2,03/15/2024 14:26,0
User_625,9,41.5,99,08/06/2023 17:14,0
User_626,88,27.4,14,04/01/2023 21:13,0
User_627,23,44.7,75,11/27/2024 20:37,0
User_628,52,18.5,41,03/20/2024 16:30,0
User_629,41,26.3,61,09/23/2023 23:23,0
User_630,88,54.2,53,06/26/2023 11:13,0
User_631,63,50.2,36,11/25/2023 18:28,0
User_632,40,45.0,24,09/21/2023 07:40,0
User_633,94,46.1,25,03/31/2024 19:33,0
User_634,11,35.2,6,08/07/2023 16:35,0
User_635,82,50.8,4,08/02/2024 03:16,0
User_636,35,23.0,66,01/01/2024 09:48,0
User_637,47,27.8,19,07/30/2024 23:06,0
User_638,58,31.3,30,11/01/2024 07:55,0
User_639,18,42.6,71,06/02/2024 12:20,0
User_640,22,21.6,73,06/12/2023 03:00,0
User_641,15,54.8,14,11/13/2024 11:05,1
User_642,27,53.4,14,02/23/2024 00:02,1
User_643,21,14.5,84,10/11/2024 00:01,0
User_644,26,36.1,21,03/31/2024 01:25,0
User_645,56,48.1,7,01/05/2023 20:35,0
User_646,64,42.7,12,03/12/2023 19:56,0
User_647,96,7.3,54,02/01/2024 17:03,0
User_648,11,31.6,49,10/23/2023 07:17,0
User_649,2,6.1,61,10/14/2023 10:13,0
User_650,43,29.1,47,05/04/2024 01:34,0
User_651,35,22.1,19,07/23/2023 00:09,0
User_652,43,22.2,16,02/25/2023 21:56,0
User_653,77,32.4,70,11/14/2024 08:46,0
User_654,8,20.7,57,03/22/2023 11:21,0
User_655,75,18.3,15,11/12/2024 08:50,0
User_656,49,19.0,56,02/18/2023 19:57,0
User_657,62,49.6,82,01/21/2024 11:49,0
User_658,91,44.5,66,04/14/2024 16:35,0
User_659,44,40.8,49,06/05/2024 17:58,0
User_660,51,51.6,12,02/16/2023 06:54,0
User_661,71,50.9,72,08/12/2023 11:49,0
User_662,26,16.8,63,01/17/2023 06:33,0
User_663,57,33.0,84,05/21/2023 06:16,0
User_664,22,41.6,60,08/22/2023 05:06,0
User_665,93,23.9,44,01/18/2024 16:03,0
User_666,67,31.1,36,02/10/2024 05:05,0
User_667,62,6.5,77,07/03/2023 05:14,0
User_668,11,48.7,72,11/21/2023 04:05,0
User_669,21,37.0,13,11/07/2023 23:37,0
User_670,40,17.6,55,07/26/2023 04:02,0
User_671,96,58.1,32,02/11/2023 23:31,0
User_672,25,19.0,75,06/11/2024 11:21,0
User_673,4,25.1,46,03/22/2023 16:47,0
User_674,36,18.6,98,03/13/2024 10:50,0
User_675,87,33.9,65,07/18/2023 16:33,0
User_676,84,44.2,83,05/02/2023 09:24,0
User_677,86,28.7,96,05/02/2023 05:27,0
User_678,62,55.8,65,11/17/2023 15:51,0
User_679,50,57.8,19,01/10/2024 01:28,0
User_680,80,10.8,94,03/26/2023 16:51,0
User_681,17,53.3,30,11/30/2023 17:17,1
User_682,30,43.0,26,10/15/2024 21:53,0
User_683,88,19.1,86,06/19/2024 17:45,0
User_684,85,45.1,48,03/03/2023 16:34,0
User_685,8,28.0,12,03/15/2024 15:25,0
User_686,39,37.2,30,10/02/2023 04:53,0
User_687,50,29.4,8,06/20/2024 16:24,0
User_688,46,5.3,14,04/18/2024 16:24,0
User_689,3,53.7,88,04/11/2024 14:34,0
User_690,58,36.1,87,11/20/2023 18:25,0
User_691,29,14.4,57,02/26/2024 16:24,0
User_692,61,22.6,24,03/01/2024 16:16,0
User_693,64,7.2,58,09/12/2023 20:47,0
User_694,7,52.4,90,05/25/2024 15:55,0
User_695,75,44.9,87,08/11/2024 01:04,0
User_696,62,52.2,40,08/06/2024 12:21,0
User_697,19,22.2,42,02/04/2024 15:31,0
User_698,81,7.1,64,05/03/2023 12:37,0
User_699,19,33.6,28,08/05/2023 18:07,0
User_700,53,16.4,53,11/07/2024 06:52,0
User_701,99,33.2,56,04/04/2023 00:18,0
User_702,35,56.8,93,08/25/2024 17:44,0
User_703,20,53.2,94,03/16/2024 18:34,0
User_704,99,41.1,85,05/20/2023 11:29,0
User_705,1,34.9,64,07/04/2023 19:30,0
User_706,2,32.4,87,08/05/2023 05:33,0
User_707,82,35.3,15,04/13/2023 16:28,0
User_708,35,50.4,10,05/04/2023 01:47,0
User_709,24,25.3,31,02/23/2023 04:48,0
User_710,59,57.7,79,02/22/2023 04:32,0
User_711,11,10.9,35,01/23/2024 08:01,0
User_712,72,46.7,25,05/28/2023 19:30,0
User_713,43,47.5,61,01/20/2023 02:38,0
User_714,17,19.5,16,04/21/2023 22:13,0
User_715,46,49.2,96,01/18/2023 21:07,0
User_716,49,12.9,68,02/29/2024 23:28,0
User_717,25,11.1,83,05/09/2023 23:50,0
User_718,48,45.4,57,06/17/2024 13:05,0
User_719,13,12.9,6,08/02/2023 06:56,0
User_720,70,19.6,30,08/19/2024 14:18,0
User_721,10,6.3,93,09/16/2023 08:03,0
User_722,40,46.1,9,01/08/2023 03:09,0
User_723,40,54.2,86,03/08/2024 09:33,0
User_724,22,44.6,20,11/18/2023 06:42,1
User_725,87,37.4,90,04/17/2023 21:53,0
User_726,10,44.0,59,11/11/2024 11:33,0
User_727,46,11.7,53,02/24/2024 10:24,0
User_728,2,43.5,45,05/12/2023 02:28,1
User_729,22,29.0,96,01/12/2023 15:38,0
User_730,84,56.7,85,03/11/2024 18:30,0
User_731,98,8.5,25,01/28/2024 12:20,0
User_732,95,15.9,81,03/02/2023 07:08,0
User_733,42,48.7,84,06/20/2024 18:08,0
User_734,59,46.9,95,05/24/2023 21:12,0
User_735,81,18.8,5,07/28/2023 04:02,0
User_736,22,50.4,56,09/25/2023 11:45,0
User_737,30,46.8,51,10/16/2024 19:07,0
User_738,52,49.0,92,10/14/2023 08:13,0
User_739,41,44.7,83,04/15/2024 11:25,0
User_740,68,57.3,53,07/27/2023 03:34,0
User_741,56,52.5,37,03/22/2024 22:18,0
User_742,41,50.0,71,08/26/2024 15:15,0
User_743,96,9.9,70,07/13/2023 01:07,0
User_744,76,55.6,95,09/17/2023 02:43,0
User_745,69,37.7,75,07/18/2024 09:32,0
User_746,79,7.2,30,11/25/2024 22:22,0
User_747,14,26.1,23,07/06/2023 04:03,0
User_748,97,11.3,69,12/17/2024 01:20,0
User_749,69,52.4,90,10/18/2023 02:01,0
User_750,11,12.7,36,08/26/2023 05:27,0
User_751,7,24.8,10,12/24/2024 15:54,0
User_752,73,57.4,45,01/07/2024 02:59,0
User_753,26,38.5,100,05/10/2023 09:27,0
User_754,40,15.7,52,12/16/2024 00:05,0
User_755,100,43.5,13,04/25/2024 10:57,0
User_756,46,16.3,65,12/26/2023 05:13,0
User_757,49,56.0,23,12/24/2023 01:47,0
User_758,5,12.1,66,06/21/2023 15:03,0
User_759,94,50.4,75,04/06/2023 10:11,0
User_760,79,22.1,69,12/19/2023 09:35,0
User_761,2,10.0,55,09/15/2024 03:19,0
User_762,95,18.0,69,06/16/2024 05:46,0
User_763,58,26.2,14,05/29/2023 03:39,0
User_764,25,19.9,78,06/08/2024 05:49,0
User_765,22,18.4,80,09/04/2023 03:55,0
User_766,56,51.0,76,02/23/2023 01:43,0
User_767,81,10.4,56,08/13/2024 22:12,0
User_768,68,49.3,34,01/03/2024 21:05,0
User_769,27,45.9,53,05/06/2023 10:21,0
User_770,28,44.7,93,01/06/2023 15:31,0
User_771,77,19.5,29,07/18/2024 23:05,0
User_772,83,32.9,7,12/20/2023 22:47,0
User_773,26,23.4,34,01/12/2024 21:44,0
User_774,93,16.6,45,04/24/2024 20:19,0
User_775,67,39.9,31,12/29/2024 13:02,0
User_776,8,14.1,33,08/09/2024 03:45,0
User_777,24,23.8,90,09/19/2023 19:19,0
User_778,28,51.5,51,10/13/2024 07:20,0
User_779,27,44.2,1,05/30/2023 01:51,1
User_780,53,56.0,2,10/29/2023 00:55,0
User_781,74,56.6,5,03/02/2023 10:29,0
User_782,40,8.2,87,06/12/2023 03:57,0
User_783,76,33.0,98,11/09/2023 15:04,0
User_784,49,9.4,94,06/21/2024 08:01,0
User_785,33,47.6,8,08/07/2023 13:13,0
User_786,22,42.2,46,02/14/2023 23:33,1
User_787,31,58.5,90,07/06/2024 13:56,0
User_788,65,55.8,72,12/19/2023 18:44,0
User_789,95,27.4,40,01/22/2023 00:29,0
User_790,75,50.1,85,10/17/2023 16:17,0
User_791,34,6.0,79,12/10/2024 06:27,0
User_792,18,38.0,52,11/24/2024 00:01,0
User_793,40,8.6,34,11/11/2024 02:59,0
User_794,12,48.3,11,12/19/2023 14:54,1
User_795,56,58.4,33,11/06/2024 16:43,0
User_796,89,29.7,20,08/10/2023 04:51,0
User_797,20,28.9,4,07/30/2023 02:32,0
User_798,69,37.9,58,11/14/2023 09:39,0
User_799,95,41.9,68,07/24/2024 17:56,0
User_800,10,44.2,31,07/09/2023 15:31,1
User_801,62,56.1,86,11/04/2024 16:27,0
User_802,27,17.5,98,05/26/2024 06:06,0
User_803,9,39.5,87,10/05/2024 02:12,0
User_804,41,53.1,56,11/07/2024 14:09,0
User_805,30,51.7,90,05/31/2024 21:47,0
User_806,89,52.7,38,03/13/2023 20:55,0
User_807,100,40.6,77,05/10/2023 01:15,0
User_808,100,56.8,67,05/12/2023 06:32,0
User_809,66,26.9,5,06/25/2023 09:09,0
User_810,10,37.4,48,03/28/2023 09:46,0
User_811,42,51.8,21,06/23/2023 03:48,0
User_812,67,36.0,16,06/11/2023 18:37,0
User_813,77,33.5,27,01/18/2023 05:02,0
User_814,60,6.6,70,09/20/2024 14:26,0
User_815,80,26.9,51,04/13/2023 14:02,0
User_816,66,31.2,95,08/30/2023 05:00,0
User_817,53,37.2,5,02/17/2024 09:20,0
User_818,65,14.8,28,06/25/2023 14:52,0
User_819,34,55.5,5,07/06/2024 12:20,0
User_820,60,27.3,8,11/06/2023 15:30,0
User_821,48,27.4,28,10/13/2024 11:51,0
User_822,54,32.6,13,09/25/2023 05:16,0
User_823,97,53.0,73,10/08/2023 13:05,0
User_824,40,9.1,32,07/26/2024 06:37,0
User_825,10,25.3,70,07/03/2023 19:11,0
User_826,60,5.9,55,08/11/2024 15:40,0
User_827,81,31.3,4,07/16/2023 09:06,0
User_828,74,8.6,37,07/17/2024 10:36,0
User_829,80,16.0,27,09/26/2023 15:04,0
User_830,39,7.4,52,10/18/2023 23:48,0
User_831,51,38.7,37,04/15/2023 09:19,0
User_832,20,53.0,100,05/12/2023 09:45,0
User_833,25,53.4,10,08/03/2024 16:22,1
User_834,51,23.3,46,04/01/2024 04:17,0
User_835,38,53.6,11,09/24/2024 14:23,0
User_836,61,51.2,86,11/14/2024 23:05,0
User_837,25,44.6,4,08/01/2023 10:08,1
User_838,64,41.5,27,05/28/2023 01:03,0
User_839,63,59.9,17,10/06/2024 11:18,0
User_840,76,36.9,27,04/07/2024 12:28,0
User_841,70,48.5,92,12/05/2023 13:20,0
User_842,55,59.3,79,10/04/2024 16:16,0
User_843,82,26.0,72,09/09/2024 17:58,0
User_844,19,39.6,97,09/19/2023 02:31,0
User_845,27,52.8,93,09/20/2023 07:39,0
User_846,10,59.7,47,02/14/2024 02:25,1
User_847,74,49.4,65,07/01/2024 06:54,0
User_848,84,18.8,8,01/26/2024 13:35,0
User_849,36,28.4,83,04/22/2024 07:30,0
User_850,15,29.1,26,06/28/2023 14:14,0
User_851,13,24.4,77,02/12/2024 01:38,0
User_852,19,10.6,76,06/20/2024 03:43,0
User_853,27,18.6,77,07/12/2024 01:43,0
User_854,86,8.5,17,08/29/2024 06:36,0
User_855,65,49.9,17,10/03/2024 15:25,0
User_856,66,27.9,14,08/18/2023 04:33,0
User_857,87,49.0,16,10/03/2024 20:16,0
User_858,91,30.3,57,03/17/2023 02:42,0
User_859,46,24.2,99,05/17/2024 05:31,0
User_860,5,5.5,92,03/04/2023 18:02,0
User_861,9,50.5,35,05/14/2023 17:54,1
User_862,46,47.1,52,05/28/2023 15:18,0
User_863,98,43.3,94,01/27/2023 10:31,0
User_864,86,23.3,52,07/25/2024 09:38,0
User_865,72,44.0,62,05/08/2024 04:58,0
User_866,85,21.2,25,07/14/2023 16:59,0
User_867,42,20.7,81,05/15/2023 23:30,0
User_868,93,55.5,24,04/20/2024 14:25,0
User_869,76,47.7,31,03/06/2024 13:03,0
User_870,22,12.4,54,11/22/2023 12:52,0
User_871,50,14.3,28,04/03/2023 06:07,0
User_872,4,59.0,80,08/16/2024 01:14,0
User_873,10,59.3,80,03/09/2024 19:40,0
User_874,45,41.3,77,02/12/2023 09:51,0
User_875,72,52.8,50,03/04/2023 19:16,0
User_876,38,49.2,42,07/14/2024 05:05,0
User_877,34,57.0,54,10/08/2023 15:24,0
User_878,47,13.0,96,11/18/2023 15:52,0
User_879,42,55.5,26,09/16/2023 12:06,0
User_880,81,47.1,51,11/02/2024 02:43,0
User_881,64,20.8,58,06/07/2023 11:08,0
User_882,22,11.6,7,06/12/2024 20:22,0
User_883,62,55.2,95,08/30/2023 13:36,0
User_884,35,29.7,26,11/12/2024 12:35,0
User_885,12,16.6,70,03/25/2024 19:19,0
User_886,55,38.6,67,09/19/2023 05:02,0
User_887,86,46.3,44,08/14/2024 04:52,0
User_888,70,12.1,17,04/28/2023 00:55,0
User_889,31,7.4,21,10/12/2023 04:52,0
User_890,75,56.9,89,08/07/2024 01:32,0
User_891,36,55.4,28,07/03/2023 12:25,0
User_892,54,11.7,31,09/23/2023 12:32,0
User_893,95,31.0,15,01/30/2023 21:03,0
User_894,74,49.1,75,12/14/2023 02:36,0
User_895,100,15.7,88,12/20/2023 21:03,0
User_896,29,5.3,86,04/11/2023 08:56,0
User_897,89,58.0,57,05/27/2023 19:30,0
User_898,55,39.3,72,06/26/2024 06:41,0
User_899,9,23.1,29,09/04/2023 07:48,0
User_900,77,48.7,77,09/09/2023 02:06,0
User_901,69,55.7,8,03/18/2023 14:01,0
User_902,73,6.1,5,05/05/2023 15:10,0
User_903,76,30.3,52,09/06/2023 19:32,0
User_904,49,16.3,59,12/18/2024 23:14,0
User_905,58,54.8,45,03/02/2023 04:51,0
User_906,72,25.2,88,08/12/2024 02:52,0
User_907,25,48.7,13,12/14/2024 20:46,1
User_908,18,27.8,10,02/15/2024 12:33,0
User_909,73,36.8,52,03/13/2024 03:55,0
User_910,93,13.5,99,11/27/2023 06:19,0
User_911,63,31.5,40,12/15/2023 16:55,0
User_912,48,20.1,1,03/06/2024 04:19,0
User_913,69,44.2,53,03/19/2023 18:36,0
User_914,14,31.7,43,04/22/2023 01:56,0
User_915,1,28.5,68,07/01/2023 01:19,0
User_916,65,39.6,95,12/25/2024 17:15,0
User_917,100,34.7,76,01/13/2023 00:54,0
User_918,25,39.7,37,03/23/2023 03:54,0
User_919,55,38.5,84,11/05/2024 05:42,0
User_920,20,17.7,74,06/02/2023 23:28,0
User_921,7,28.8,44,03/25/2024 15:33,0
User_922,42,26.9,47,02/14/2023 23:08,0
User_923,2,16.3,12,12/09/2024 20:18,0
User_924,4,52.4,13,11/21/2023 02:51,1
User_925,44,23.8,39,08/17/2023 14:39,0
User_926,14,16.2,9,07/29/2024 12:51,0
User_927,14,13.4,56,01/05/2023 05:29,0
User_928,45,27.9,90,04/14/2023 19:17,0
User_929,88,34.4,78,07/02/2024 21:59,0
User_930,40,13.8,32,01/26/2023 08:05,0
User_931,99,6.2,54,11/21/2024 09:27,0
User_932,37,10.4,55,06/24/2023 14:41,0
User_933,61,31.9,11,04/06/2024 07:52,0
User_934,21,17.2,60,01/14/2024 08:07,0
User_935,77,19.7,11,04/07/2023 06:53,0
User_936,7,37.4,59,10/03/2023 15:59,0
User_937,71,24.7,9,10/30/2023 20:27,0
User_938,83,25.6,42,04/24/2024 13:11,0
User_939,95,22.7,45,04/14/2023 19:53,0
User_940,95,58.2,20,12/20/2023 20:26,0
User_941,11,40.1,72,05/12/2023 00:01,0
User_942,1,14.6,67,12/09/2023 07:16,0
User_943,95,21.0,26,01/04/2024 10:37,0
User_944,54,34.8,25,08/03/2024 16:40,0
User_945,11,29.0,35,07/08/2024 23:07,0
User_946,26,8.5,41,09/29/2024 09:47,0
User_947,49,30.1,88,11/10/2023 10:20,0
User_948,72,48.0,99,04/06/2024 15:28,0
User_949,3,11.9,60,11/07/2023 04:40,0
User_950,42,18.9,74,05/08/2023 09:27,0
User_951,53,22.1,15,08/24/2024 10:27,0
User_952,99,21.6,46,02/17/2024 15:10,0
User_953,46,56.4,98,05/20/2023 18:40,0
User_954,11,30.1,53,10/08/2023 13:47,0
User_955,68,13.1,57,07/28/2024 08:25,0
User_956,3,25.7,3,12/29/2024 14:59,0
User_957,54,13.2,15,02/08/2024 05:12,0
User_958,93,37.7,95,04/30/2024 10:51,0
User_959,75,12.2,63,05/02/2024 22:29,0
User_960,50,21.8,76,10/03/2024 16:43,0
User_961,93,52.5,54,10/06/2024 21:42,0
User_962,12,22.9,43,06/19/2023 08:43,0
User_963,99,57.7,24,05/22/2023 17:13,0
User_964,23,34.2,63,04/09/2023 19:53,0
User_965,32,25.1,67,05/31/2023 03:05,0
User_966,66,8.7,75,09/25/2024 17:53,0
User_967,96,24.6,64,04/20/2024 21:33,0
User_968,21,14.1,31,04/21/2023 02:13,0
User_969,82,51.4,46,04/28/2023 19:48,0
User_970,21,50.4,8,02/20/2024 09:26,1
User_971,75,21.3,87,06/05/2023 11:39,0
User_972,36,8.8,29,10/27/2023 00:23,0
User_973,38,58.1,24,01/13/2024 10:51,0
User_974,83,23.9,26,06/21/2024 01:40,0
User_975,64,31.8,29,12/01/2024 14:43,0
User_976,53,46.4,31,12/21/2024 18:41,0
User_977,93,40.1,87,07/03/2024 03:55,0
User_978,60,7.4,8,02/15/2023 17:05,0
User_979,95,24.1,40,05/04/2023 21:00,0
User_980,74,13.8,5,05/08/2024 10:46,0
User_981,64,14.1,68,12/23/2023 06:43,0
User_982,94,39.1,30,05/02/2023 22:38,0
User_983,91,21.1,69,11/24/2023 03:21,0
User_984,15,37.5,5,09/20/2023 21:42,0
User_985,37,31.8,54,06/28/2024 13:38,0
User_986,55,31.8,36,01/01/2023 21:34,0
User_987,5,25.3,5,09/17/2023 09:43,0
User_988,86,16.2,9,03/13/2024 14:28,0
User_989,72,52.6,93,01/12/2023 05:33,0
User_990,11,20.4,98,04/20/2024 05:01,0
User_991,28,28.5,21,10/14/2024 13:41,0
User_992,11,54.8,99,12/13/2023 18:50,0
User_993,48,51.7,55,02/17/2023 22:47,0
User_994,15,51.3,82,11/24/2023 13:01,0
User_995,26,37.8,54,03/13/2024 08:45,0
User_996,53,24.3,42,03/20/2024 21:55,0
User_997,6,45.8,28,07/28/2023 01:05,1
User_998,57,54.6,5,07/18/2023 05:46,0
User_999,2,39.1,8,04/25/2024 02:32,0
User_1000,37,51.2,35,04/06/2024 05:20,0
User_1001,80,14.2,29,09/05/2024 22:10,0
User_1002,4,28.0,58,03/26/2024 02:44,0
User_1003,52,45.6,57,04/01/2023 00:43,0
User_1004,16,49.5,61,10/20/2024 21:40,0
User_1005,21,51.6,60,03/10/2024 04:45,0
User_1006,16,32.4,18,09/14/2023 12:29,0
User_1007,97,26.0,21,03/16/2023 05:41,0
User_1008,80,9.0,54,11/01/2024 19:56,0
User_1009,97,31.0,73,07/05/2023 13:37,0
User_1010,96,7.1,89,10/07/2024 12:10,0
User_1011,9,29.0,10,07/05/2023 07:15,0
User_1012,18,37.4,45,08/23/2024 12:48,0
User_1013,8,24.6,91,01/12/2024 14:08,0
User_1014,13,31.1,38,10/27/2024 00:31,0
User_1015,29,34.2,75,04/24/2024 09:22,0
User_1016,41,48.7,55,12/29/2023 06:01,0
User_1017,3,32.3,8,08/14/2024 03:37,0
User_1018,5,49.8,91,04/10/2024 04:28,0
User_1019,9,30.7,76,10/17/2024 09:32,0
User_1020,74,12.9,37,02/28/2024 18:40,0
User_1021,52,41.4,95,02/22/2024 10:53,0
User_1022,18,29.8,65,08/15/2023 08:33,0
User_1023,1,5.1,86,01/27/2024 10:44,0
User_1024,87,47.7,74,06/16/2024 18:38,0
User_1025,72,32.3,62,09/05/2023 00:13,0
User_1026,25,20.2,37,01/02/2024 18:17,0
User_1027,27,26.5,34,07/02/2024 06:19,0
User_1028,78,16.2,66,12/07/2023 21:37,0
User_1029,2,29.9,33,03/17/2023 14:48,0
User_1030,88,10.1,98,06/26/2024 23:18,0
User_1031,17,53.8,13,12/09/2024 06:31,1
User_1032,57,58.3,87,07/19/2024 13:21,0
User_1033,47,5.4,38,09/01/2023 02:13,0
User_1034,71,19.3,22,08/01/2024 17:01,0
User_1035,66,16.1,52,01/06/2023 04:00,0
User_1036,21,43.2,53,02/02/2023 03:06,0
User_1037,5,27.1,81,09/27/2024 10:35,0
User_1038,69,35.7,1,01/11/2023 13:46,0
User_1039,8,47.3,89,09/17/2023 01:22,0
User_1040,27,45.6,98,01/17/2024 21:07,0
User_1041,14,53.6,5,05/28/2024 14:59,1
User_1042,1,55.1,86,03/05/2024 13:09,0
User_1043,55,39.5,75,01/26/2023 22:17,0
User_1044,6,39.3,15,10/09/2023 12:55,0
User_1045,3,38.6,96,10/30/2023 01:44,0
User_1046,50,35.7,19,07/31/2023 11:44,0
User_1047,90,36.3,50,05/13/2023 09:55,0
User_1048,27,18.6,96,11/01/2023 05:53,0
User_1049,25,20.6,46,11/03/2023 13:38,0
User_1050,7,27.1,98,10/28/2024 21:30,0
User_1051,75,31.6,7,07/03/2024 19:25,0
User_1052,43,23.7,94,02/04/2024 21:48,0
User_1053,96,15.2,74,09/02/2024 08:40,0
User_1054,98,46.0,75,01/18/2024 06:47,0
User_1055,12,15.7,89,06/20/2023 23:30,0
User_1056,64,34.8,47,06/28/2024 07:29,0
User_1057,22,15.7,87,10/08/2024 13:53,0
User_1058,18,37.0,6,11/22/2023 03:42,0
User_1059,68,10.6,46,03/15/2024 10:54,0
User_1060,69,12.3,46,01/10/2023 10:03,0
User_1061,63,8.8,7,01/06/2024 10:52,0
User_1062,42,28.6,14,11/28/2024 11:55,0
User_1063,44,51.3,62,03/28/2023 02:34,0
User_1064,33,50.6,53,01/28/2024 22:27,0
User_1065,40,18.6,86,09/05/2024 10:46,0
User_1066,8,39.3,94,02/03/2023 02:55,0
User_1067,22,31.9,74,08/03/2024 01:57,0
User_1068,43,26.2,7,04/12/2024 03:48,0
User_1069,53,52.4,60,11/07/2024 14:52,0
User_1070,95,28.9,89,02/11/2023 17:11,0
User_1071,8,33.3,73,06/08/2024 20:40,0
User_1072,19,56.0,96,09/12/2023 18:11,0
User_1073,57,27.9,16,11/16/2024 03:19,0
User_1074,61,58.0,71,02/06/2023 08:40,0
User_1075,25,15.9,11,08/19/2024 00:40,0
User_1076,49,27.6,72,08/02/2023 05:25,0
User_1077,97,50.5,45,11/27/2023 03:27,0
User_1078,51,32.6,94,06/27/2024 11:40,0
User_1079,30,21.9,76,08/16/2023 10:02,0
User_1080,67,27.3,73,10/27/2024 14:14,0
User_1081,40,46.8,6,02/26/2024 09:52,0
User_1082,50,9.1,56,11/27/2023 08:28,0
User_1083,95,30.8,61,01/28/2024 14:14,0
User_1084,42,48.4,39,08/15/2023 06:42,0
User_1085,59,41.1,15,11/14/2024 12:47,0
User_1086,30,14.0,79,09/28/2024 15:46,0
User_1087,18,39.7,5,02/06/2023 18:44,0
User_1088,12,37.8,47,08/14/2024 00:56,0
User_1089,37,48.1,86,11/14/2024 04:55,0
User_1090,68,16.2,41,10/14/2024 11:19,0
User_1091,44,43.3,99,01/30/2024 10:23,0
User_1092,27,51.6,68,08/18/2023 02:11,0
User_1093,14,20.9,48,08/15/2024 11:33,0
User_1094,63,30.9,28,05/08/2024 01:47,0
User_1095,70,37.1,29,06/20/2023 23:01,0
User_1096,73,34.7,95,04/18/2024 12:34,0
User_1097,92,19.1,85,07/19/2023 07:29,0
User_1098,82,50.8,45,11/17/2023 14:16,0
User_1099,76,53.6,32,05/08/2023 06:48,0
User_1100,73,50.0,76,06/28/2024 00:13,0
User_1101,94,51.4,18,06/17/2024 17:51,0
User_1102,10,28.8,77,01/07/2023 15:41,0
User_1103,39,17.7,15,04/13/2023 22:02,0
User_1104,36,24.1,90,04/21/2024 20:32,0
User_1105,77,18.2,59,06/03/2024 08:10,0
User_1106,49,17.0,96,12/12/2024 01:42,0
User_1107,47,14.6,12,09/02/2023 07:19,0
User_1108,6,40.9,3,05/04/2024 04:39,1
User_1109,51,24.5,17,10/25/2024 18:02,0
User_1110,74,28.6,75,10/14/2023 21:25,0
User_1111,10,47.4,76,02/10/2023 20:50,0
User_1112,90,52.9,80,05/05/2024 05:43,0
User_1113,5,34.9,33,12/17/2024 01:09,0
User_1114,57,23.5,68,12/30/2024 23:28,0
User_1115,19,18.8,57,09/19/2024 16:15,0
User_1116,32,30.4,84,12/13/2024 10:02,0
User_1117,60,40.3,63,01/01/2023 08:33,0
User_1118,21,43.2,57,07/08/2023 22:33,0
User_1119,56,22.6,46,07/20/2023 16:36,0
User_1120,32,59.9,67,07/10/2023 01:14,0
User_1121,91,6.6,3,10/14/2024 03:00,0
User_1122,23,16.3,47,10/20/2024 17:39,0
User_1123,33,32.2,45,11/16/2023 08:47,0
User_1124,60,37.5,99,01/21/2023 16:20,0
User_1125,61,42.6,61,10/30/2024 21:56,0
User_1126,32,21.7,20,05/16/2024 11:34,0
User_1127,19,53.6,66,05/17/2023 12:22,0
User_1128,57,53.9,22,08/06/2023 18:36,0
User_1129,43,57.4,37,05/18/2024 03:46,0
User_1130,70,50.9,80,09/24/2024 21:55,0
User_1131,8,15.5,41,02/16/2024 06:54,0
User_1132,7,22.3,40,09/02/2023 14:01,0
User_1133,29,57.7,45,07/31/2024 08:50,1
User_1134,49,31.4,3,12/14/2023 03:33,0
User_1135,79,58.8,9,10/05/2023 20:23,0
User_1136,64,29.6,36,02/07/2024 03:31,0
User_1137,66,27.2,44,02/07/2023 17:08,0
User_1138,39,15.0,32,02/22/2023 04:08,0
User_1139,43,19.0,5,06/29/2024 13:09,0
User_1140,9,18.8,26,03/17/2023 22:10,0
User_1141,92,32.9,49,03/08/2024 23:22,0
User_1142,62,28.2,26,09/05/2023 02:31,0
User_1143,43,22.8,96,04/18/2024 02:52,0
User_1144,25,17.3,22,11/03/2023 07:43,0
User_1145,80,18.5,25,10/11/2024 14:23,0
User_1146,57,9.2,82,08/12/2023 13:47,0
User_1147,67,11.5,12,11/10/2023 23:26,0
User_1148,35,50.8,60,12/30/2024 12:46,0
User_1149,11,57.5,48,02/23/2024 05:54,1
User_1150,13,42.8,36,09/02/2023 00:53,1
User_1151,32,17.4,37,12/16/2024 23:36,0
User_1152,69,22.0,50,08/21/2024 00:20,0
User_1153,33,16.4,30,11/20/2023 09:28,0
User_1154,84,39.6,14,04/11/2023 19:40,0
User_1155,58,56.7,16,06/07/2023 05:19,0
User_1156,68,9.4,6,03/20/2023 14:22,0
User_1157,42,22.2,40,07/04/2024 00:36,0
User_1158,82,55.4,46,09/04/2024 12:06,0
User_1159,99,20.9,90,08/10/2024 22:44,0
User_1160,82,31.3,29,03/16/2024 09:56,0
User_1161,78,42.0,19,09/12/2024 14:48,0
User_1162,46,45.6,4,07/21/2023 14:58,0
User_1163,23,27.4,38,12/17/2023 22:04,0
User_1164,14,48.8,34,02/24/2023 14:39,1
User_1165,22,51.3,2,05/11/2024 15:27,1
User_1166,18,45.8,88,06/17/2023 20:08,0
User_1167,7,33.7,8,09/04/2023 12:11,0
User_1168,96,54.0,46,11/09/2023 05:29,0
User_1169,71,56.6,60,07/05/2024 17:18,0
User_1170,3,11.5,87,01/19/2023 22:25,0
User_1171,8,27.2,50,11/22/2023 23:26,0
User_1172,52,41.6,14,06/27/2023 22:51,0
User_1173,55,58.1,66,06/03/2023 11:48,0
User_1174,17,56.5,44,10/03/2024 08:59,1
User_1175,21,49.5,61,03/12/2024 22:17,0
User_1176,57,30.7,14,05/15/2023 23:53,0
User_1177,37,14.7,28,05/07/2023 03:32,0
User_1178,56,6.6,73,04/25/2023 03:37,0
User_1179,89,25.2,62,06/16/2024 14:30,0
User_1180,29,56.4,48,08/29/2023 10:11,1
User_1181,8,20.9,13,10/30/2024 14:28,0
User_1182,76,19.4,31,12/22/2023 19:59,0
User_1183,4,55.6,38,02/04/2024 11:01,1
User_1184,66,9.7,6,12/23/2024 11:09,0
User_1185,57,38.9,86,09/26/2024 23:23,0
User_1186,71,28.9,79,01/30/2023 21:31,0
User_1187,28,52.6,19,09/14/2024 22:46,1
User_1188,63,20.1,52,12/03/2023 07:15,0
User_1189,95,58.4,3,11/16/2023 17:55,0
User_1190,38,5.1,4,05/17/2024 07:01,0
User_1191,71,56.9,90,02/18/2023 05:38,0
User_1192,86,21.0,49,10/24/2023 11:08,0
User_1193,44,51.9,1,09/27/2024 21:29,0
User_1194,3,55.8,2,01/18/2024 17:37,1
User_1195,49,40.8,13,11/08/2023 09:11,0
User_1196,12,24.2,21,11/27/2023 11:19,0
User_1197,91,50.7,18,05/20/2023 09:46,0
User_1198,8,10.1,51,05/05/2024 18:27,0
User_1199,64,12.2,27,12/05/2024 12:55,0
User_1200,15,19.4,80,07/01/2023 17:09,0
User_1201,70,52.7,28,04/28/2023 05:21,0
User_1202,2,41.4,22,07/13/2024 07:30,1
User_1203,50,31.5,76,02/20/2024 03:23,0
User_1204,11,32.7,87,03/09/2023 21:42,0
User_1205,89,50.5,99,11/08/2024 14:02,0
User_1206,3,31.0,100,02/11/2024 08:18,0
User_1207,94,15.8,44,07/10/2024 18:43,0
User_1208,16,52.6,87,02/05/2023 11:41,0
User_1209,34,51.8,66,05/27/2024 13:42,0
User_1210,69,51.8,98,02/05/2023 11:39,0
User_1211,42,53.5,85,09/26/2024 05:24,0
User_1212,9,10.1,16,07/28/2024 07:07,0
User_1213,63,53.3,10,03/23/2023 13:41,0
User_1214,60,27.3,82,02/06/2024 00:46,0
User_1215,27,15.6,45,05/31/2024 16:01,0
User_1216,78,27.6,33,03/23/2024 13:10,0
User_1217,91,44.6,3,09/24/2024 07:43,0
User_1218,87,42.5,42,10/06/2024 13:50,0
User_1219,79,12.4,39,03/26/2023 11:38,0
User_1220,85,51.5,2,01/29/2023 21:13,0
User_1221,72,9.8,32,08/10/2023 14:50,0
User_1222,56,8.8,49,07/07/2023 03:04,0
User_1223,92,18.3,67,03/25/2024 09:06,0
User_1224,51,37.8,58,03/02/2024 22:10,0
User_1225,49,26.9,83,05/07/2023 13:01,0
User_1226,31,53.4,25,08/18/2024 12:12,0
User_1227,17,35.4,44,12/18/2024 11:07,0
User_1228,36,22.1,49,04/27/2023 01:18,0
User_1229,34,33.3,41,02/18/2023 20:39,0
User_1230,43,5.1,59,09/08/2024 12:46,0
User_1231,3,15.8,81,09/25/2024 21:29,0
User_1232,41,24.3,63,01/02/2023 20:42,0
User_1233,92,56.9,92,01/23/2023 10:41,0
User_1234,6,51.9,67,09/28/2024 18:41,0
User_1235,91,45.4,67,08/28/2024 08:35,0
User_1236,47,5.2,22,12/28/2023 16:38,0
User_1237,96,59.6,69,01/05/2023 01:10,0
User_1238,73,49.5,16,09/14/2023 10:12,0
User_1239,67,17.7,49,03/24/2024 14:39,0
User_1240,27,8.5,27,05/22/2023 15:57,0
User_1241,44,42.0,25,12/21/2024 10:40,0
User_1242,23,25.4,92,11/11/2023 23:02,0
User_1243,20,34.6,93,09/20/2024 04:28,0
User_1244,68,43.2,22,02/02/2023 22:10,0
User_1245,41,52.1,100,07/14/2024 12:42,0
User_1246,49,22.1,56,09/30/2023 14:54,0
User_1247,8,9.8,93,03/28/2023 21:24,0
User_1248,50,33.6,77,12/28/2024 21:18,0
User_1249,99,15.1,99,03/09/2023 12:35,0
User_1250,22,23.4,86,12/12/2023 15:47,0
User_1251,54,59.6,76,08/02/2023 09:29,0
User_1252,90,49.7,14,08/17/2023 01:10,0
User_1253,43,18.4,45,12/30/2024 11:36,0
User_1254,71,52.2,56,01/09/2024 05:09,0
User_1255,91,53.2,30,12/16/2023 21:29,0
User_1256,30,31.7,35,04/24/2023 14:55,0
User_1257,13,25.7,72,08/16/2024 02:12,0
User_1258,9,41.3,100,05/02/2024 21:10,0
User_1259,18,25.5,52,10/23/2024 10:53,0
User_1260,35,48.4,94,05/19/2024 19:58,0
User_1261,52,29.1,15,10/30/2023 09:35,0
User_1262,51,43.1,39,10/07/2023 08:16,0
User_1263,39,59.8,9,10/27/2023 23:09,0
User_1264,20,11.2,89,05/26/2023 20:23,0
User_1265,46,28.7,13,11/13/2024 09:01,0
User_1266,66,56.5,24,04/24/2024 19:10,0
User_1267,100,53.0,80,02/01/2023 10:45,0
User_1268,20,55.9,51,10/09/2023 15:18,0
User_1269,89,14.1,49,12/04/2023 23:17,0
User_1270,18,11.5,95,11/16/2023 20:56,0
User_1271,67,50.0,76,04/22/2024 07:37,0
User_1272,7,30.9,49,04/04/2023 04:25,0
User_1273,35,8.2,66,06/17/2024 06:49,0
User_1274,100,43.0,58,06/02/2024 20:37,0
User_1275,95,55.7,9,01/16/2024 11:41,0
User_1276,16,31.6,86,09/07/2023 14:36,0
User_1277,8,20.7,79,05/30/2023 10:46,0
User_1278,73,49.6,46,04/27/2024 19:11,0
User_1279,63,23.8,15,12/24/2024 00:37,0
User_1280,23,23.6,64,06/22/2023 09:43,0
User_1281,82,11.8,63,07/24/2024 16:10,0
User_1282,55,59.6,63,08/13/2023 03:18,0
User_1283,67,11.7,52,03/27/2023 05:54,0
User_1284,52,17.4,22,01/15/2023 04:59,0
User_1285,73,42.9,55,12/24/2023 09:08,0
User_1286,42,58.9,30,02/19/2023 05:55,0
User_1287,15,39.4,76,07/03/2024 07:47,0
User_1288,90,47.4,48,09/22/2024 21:58,0
User_1289,90,25.9,14,03/13/2024 01:17,0
User_1290,15,47.3,9,06/05/2024 16:12,1
User_1291,64,5.7,42,12/05/2023 22:30,0
User_1292,41,34.9,44,11/06/2023 12:48,0
User_1293,19,51.5,18,09/01/2024 07:58,1
User_1294,82,26.0,34,04/26/2023 01:08,0
User_1295,25,55.7,86,08/13/2023 07:55,0
User_1296,34,15.7,79,01/15/2024 18:48,0
User_1297,61,52.3,17,06/14/2023 21:15,0
User_1298,46,55.2,3,08/04/2023 10:00,0
User_1299,4,28.4,19,10/20/2024 17:53,0
User_1300,36,17.5,25,02/07/2024 11:20,0
User_1301,55,52.5,57,08/26/2024 06:07,0
User_1302,54,8.8,78,07/22/2024 00:50,0
User_1303,59,20.5,80,09/28/2023 12:47,0
User_1304,65,48.5,79,12/01/2023 14:16,0
User_1305,98,42.6,6,12/24/2024 13:31,0
User_1306,12,20.6,12,12/30/2024 21:54,0
User_1307,97,27.0,37,10/12/2023 20:15,0
User_1308,5,54.6,23,03/22/2023 14:12,1
User_1309,17,41.4,37,02/15/2023 02:43,1
User_1310,18,7.3,61,09/16/2024 14:15,0
User_1311,12,30.1,11,05/11/2023 02:33,0
User_1312,52,11.4,91,07/23/2023 21:10,0
User_1313,92,24.5,67,03/28/2023 11:55,0
User_1314,26,59.5,63,07/28/2024 06:09,0
User_1315,11,19.5,88,05/24/2024 19:40,0
User_1316,67,22.6,87,09/19/2024 00:39,0
User_1317,90,11.2,76,02/06/2024 07:03,0
User_1318,12,42.1,76,06/29/2024 14:03,0
User_1319,42,53.0,15,03/01/2023 01:56,0
User_1320,69,34.2,41,06/16/2024 09:47,0
User_1321,75,41.8,68,11/14/2024 17:27,0
User_1322,20,51.6,68,11/15/2023 18:31,0
User_1323,58,42.0,32,03/16/2024 13:19,0
User_1324,59,24.9,62,09/08/2024 11:39,0
User_1325,43,39.6,45,02/25/2023 06:59,0
User_1326,70,9.0,63,02/18/2023 20:16,0
User_1327,94,19.2,7,01/18/2023 02:01,0
User_1328,72,57.2,42,07/30/2024 07:58,0
User_1329,4,31.1,44,11/05/2024 05:42,0
User_1330,12,56.0,46,01/30/2023 11:07,1
User_1331,77,35.0,45,02/20/2024 17:15,0
User_1332,41,55.7,82,07/25/2024 13:46,0
User_1333,99,25.5,90,05/02/2023 07:18,0
User_1334,64,21.9,89,03/26/2024 19:55,0
User_1335,22,7.4,18,05/31/2024 05:07,0
User_1336,90,55.7,2,12/01/2023 16:55,0
User_1337,66,31.2,44,09/30/2023 10:58,0
User_1338,15,43.8,12,06/21/2023 11:11,1
User_1339,78,16.5,68,07/23/2023 09:24,0
User_1340,67,56.8,12,01/10/2024 03:29,0
User_1341,75,49.6,92,06/09/2023 19:34,0
User_1342,78,8.4,55,03/02/2024 04:55,0
User_1343,36,17.1,25,04/25/2024 03:19,0
User_1344,69,34.0,2,11/25/2024 22:32,0
User_1345,87,12.2,23,07/22/2023 09:18,0
User_1346,100,21.6,44,01/12/2023 23:00,0
User_1347,2,39.9,41,06/15/2023 07:58,0
User_1348,7,31.6,73,03/06/2023 11:07,0
User_1349,6,23.3,3,01/18/2023 14:09,0
User_1350,85,48.4,72,01/12/2024 10:54,0
User_1351,36,49.7,12,12/09/2024 23:29,0
User_1352,17,9.8,33,11/10/2024 20:50,0
User_1353,27,21.6,49,02/14/2024 06:06,0
User_1354,9,36.3,68,09/07/2024 09:01,0
User_1355,84,27.0,50,07/24/2024 18:19,0
User_1356,89,35.6,49,10/10/2023 03:56,0
User_1357,15,27.3,84,11/25/2023 16:40,0
User_1358,9,31.8,80,02/28/2024 01:02,0
User_1359,99,26.7,24,05/01/2024 10:46,0
User_1360,93,53.4,74,01/25/2023 05:02,0
User_1361,5,35.9,83,05/19/2024 12:09,0
User_1362,2,56.7,1,09/26/2023 16:56,1
User_1363,74,13.4,14,05/09/2023 21:04,0
User_1364,45,26.6,8,08/30/2023 06:16,0
User_1365,29,56.0,37,10/17/2024 23:37,1
User_1366,44,24.6,64,09/15/2023 20:25,0
User_1367,90,40.7,60,11/04/2024 08:18,0
User_1368,83,30.2,34,09/24/2023 04:31,0
User_1369,27,8.5,42,05/01/2023 15:00,0
User_1370,83,59.3,40,09/03/2024 05:47,0
User_1371,48,58.9,83,01/25/2023 21:13,0
User_1372,53,14.2,92,08/24/2023 19:34,0
User_1373,36,45.0,14,02/05/2024 02:07,0
User_1374,19,10.9,34,03/02/2024 08:29,0
User_1375,43,43.8,91,03/10/2024 22:27,0
User_1376,61,54.9,21,09/24/2024 05:12,0
User_1377,15,44.7,91,11/09/2024 07:31,0
User_1378,39,5.1,71,08/29/2023 02:48,0
User_1379,27,16.9,38,02/25/2023 08:31,0
User_1380,65,8.9,16,07/23/2023 04:20,0
User_1381,5,49.6,16,01/22/2024 08:24,1
User_1382,86,16.3,73,08/14/2023 21:48,0
User_1383,48,13.0,87,02/11/2023 18:39,0
User_1384,19,44.9,20,02/27/2024 08:27,1
User_1385,11,36.5,99,11/10/2023 00:24,0
User_1386,86,47.6,27,06/15/2023 01:52,0
User_1387,8,38.7,19,06/10/2023 00:07,0
User_1388,32,10.9,4,02/08/2023 16:23,0
User_1389,22,17.8,55,08/07/2024 02:10,0
User_1390,60,33.2,22,08/26/2023 18:56,0
User_1391,85,21.4,2,10/21/2024 14:40,0
User_1392,6,43.9,61,07/06/2024 06:24,0
User_1393,86,48.6,25,09/26/2023 17:22,0
User_1394,98,44.3,20,02/02/2023 21:37,0
User_1395,82,7.4,59,04/21/2024 12:59,0
User_1396,44,25.1,59,08/29/2023 16:08,0
User_1397,75,51.4,53,04/18/2023 06:11,0
User_1398,65,48.7,91,10/31/2023 12:01,0
User_1399,70,17.1,82,12/06/2023 07:28,0
User_1400,92,17.3,68,11/29/2024 20:30,0


